split,n_examples,label_frac_1,label_frac_0,word_len_min,word_len_max,word_len_mean,word_len_std,word_len_q05,word_len_q25,word_len_q50,word_len_q75,word_len_q95,char_len_min,char_len_max,char_len_mean,char_len_std,char_len_q05,char_len_q25,char_len_q50,char_len_q75,char_len_q95,vocab_size,label_frac_-1
train,67349,0.5578256544269403,0.44217434557305973,1.0,52.0,9.409553222765,8.07380640750134,1.0,3.0,7.0,13.0,26.0,2.0,268.0,53.5055902834489,43.407379751309776,10.0,21.0,39.0,74.0,145.0,14816,
validation,872,0.5091743119266054,0.4908256880733945,2.0,47.0,19.548165137614678,8.763900034605363,6.0,13.0,19.0,26.0,34.44999999999993,6.0,244.0,105.84174311926606,48.13392816730919,33.0,68.0,103.0,139.0,186.44999999999993,4339,
test,1821,,,2.0,56.0,19.233937397034598,8.922386423395167,7.0,12.0,18.0,25.0,35.0,6.0,256.0,102.96101043382757,48.848792440903864,31.0,64.0,100.0,136.0,190.0,7053,1.0
overall,70042,0.542717226806773,0.4312840866908426,1.0,56.0,9.791196710545101,8.327498351426872,1.0,3.0,7.0,14.0,27.0,2.0,268.0,55.44293423945633,44.682312182507516,10.0,22.0,41.0,78.0,149.0,17558,0.025998686502384283
