{
  "train": {
    "split": "train",
    "n_examples": 67349,
    "label_counts": {
      "1": 37569,
      "0": 29780
    },
    "label_frac": {
      "1": 0.5578256544269403,
      "0": 0.44217434557305973
    },
    "char_len": {
      "min": 2.0,
      "max": 268.0,
      "mean": 53.5055902834489,
      "std": 43.407379751309776,
      "q05": 10.0,
      "q25": 21.0,
      "q50": 39.0,
      "q75": 74.0,
      "q95": 145.0
    },
    "word_len": {
      "min": 1.0,
      "max": 52.0,
      "mean": 9.409553222765,
      "std": 8.07380640750134,
      "q05": 1.0,
      "q25": 3.0,
      "q50": 7.0,
      "q75": 13.0,
      "q95": 26.0
    },
    "vocab_size": 14816,
    "top_tokens": {
      "the": 27205,
      ",": 25980,
      "a": 21609,
      "and": 19920,
      "of": 17907,
      ".": 12687,
      "to": 12538,
      "'s": 8764,
      "is": 8685,
      "that": 7759,
      "in": 7495,
      "it": 7078,
      "as": 5088,
      "with": 4745,
      "an": 4133,
      "film": 4038,
      "its": 3924,
      "for": 3913,
      "movie": 3563,
      "this": 3365,
      "you": 2749,
      "but": 2690,
      "be": 2671,
      "on": 2456,
      "n't": 2311,
      "by": 2211,
      "more": 2124,
      "--": 2108,
      "one": 2031,
      "at": 2011
    }
  },
  "validation": {
    "split": "validation",
    "n_examples": 872,
    "label_counts": {
      "1": 444,
      "0": 428
    },
    "label_frac": {
      "1": 0.5091743119266054,
      "0": 0.4908256880733945
    },
    "char_len": {
      "min": 6.0,
      "max": 244.0,
      "mean": 105.84174311926606,
      "std": 48.13392816730919,
      "q05": 33.0,
      "q25": 68.0,
      "q50": 103.0,
      "q75": 139.0,
      "q95": 186.44999999999993
    },
    "word_len": {
      "min": 2.0,
      "max": 47.0,
      "mean": 19.548165137614678,
      "std": 8.763900034605363,
      "q05": 6.0,
      "q25": 13.0,
      "q50": 19.0,
      "q75": 26.0,
      "q95": 34.44999999999993
    },
    "vocab_size": 4339,
    "top_tokens": {
      ".": 830,
      "the": 784,
      ",": 747,
      "a": 535,
      "and": 481,
      "of": 473,
      "to": 330,
      "'s": 275,
      "is": 262,
      "it": 260,
      "in": 208,
      "that": 205,
      "as": 125,
      "film": 121,
      "this": 119,
      "for": 112,
      "with": 111,
      "but": 108,
      "its": 107,
      "movie": 93,
      "an": 92,
      "you": 79,
      "n't": 72,
      "on": 72,
      "not": 70,
      "by": 66,
      "are": 57,
      "...": 56,
      "be": 55,
      "more": 55
    }
  },
  "test": {
    "split": "test",
    "n_examples": 1821,
    "label_counts": {
      "-1": 1821
    },
    "label_frac": {
      "-1": 1.0
    },
    "char_len": {
      "min": 6.0,
      "max": 256.0,
      "mean": 102.96101043382757,
      "std": 48.848792440903864,
      "q05": 31.0,
      "q25": 64.0,
      "q50": 100.0,
      "q75": 136.0,
      "q95": 190.0
    },
    "word_len": {
      "min": 2.0,
      "max": 56.0,
      "mean": 19.233937397034598,
      "std": 8.922386423395167,
      "q05": 7.0,
      "q25": 12.0,
      "q50": 18.0,
      "q75": 25.0,
      "q95": 35.0
    },
    "vocab_size": 7053,
    "top_tokens": {
      ".": 1730,
      ",": 1567,
      "the": 1491,
      "a": 1139,
      "and": 989,
      "of": 893,
      "to": 656,
      "is": 544,
      "it": 527,
      "'s": 519,
      "in": 416,
      "that": 388,
      "as": 288,
      "with": 257,
      "this": 246,
      "but": 243,
      "film": 231,
      "for": 228,
      "an": 213,
      "its": 212,
      "movie": 206,
      "you": 170,
      "be": 164,
      "on": 139,
      "n't": 134,
      "by": 133,
      "are": 129,
      "...": 124,
      "like": 122,
      "not": 119
    }
  }
}